{ "mobile_first": true, "experience_goal": "native_app_like", "navigation": { "single_instance_only": true, "no_duplicate_navigation": true, "persistent": true }, "touch_feedback": { "enabled": true, "scale_on_press": 0.96, "visual_ripple": false }, "cart": { "badge_required": true, "item_count_visible": true, "instant_feedback": true }, "language_switching": { "no_reload": true, "no_layout_break": true }, "offline_behavior": { "essential_content_cached": true, "clear_offline_state": true }, "error_prevention": { "no_white_screen": true, "graceful_fallback": true } }