{ "project_type": "restaurant_web_app", "build_from_scratch": true, "no_external_research": true, "frontend": { "framework": "Next.js", "router": "App Router", "language": "TypeScript", "rendering": ["SSR", "SSG"] }, "pwa": { "enabled": true, "service_worker": true, "offline_cache": true, "app_shell": true, "install_prompt": true, "standalone_mode": true }, "application_behavior": { "spa_like_navigation": true, "no_full_page_reload": true, "preserve_state_between_routes": true }, "performance": { "mobile_first": true, "lazy_loading": true, "image_optimization": true }, "restrictions": { "no_ui_frameworks": true, "no_feature_guessing": true, "no_external_libraries": true } }