{
  "language_switching": {
    "trigger": "Click on language toggle button (AR/EN)",
    "visual_response": [
      "Text content updates instantly",
      "RTL/LTR layout switches",
      "Font family changes (Cairo ↔ Montserrat)",
      "Button maintains same position"
    ],
    "state_change": [
      "Update localStorage language preference",
      "Update document lang attribute",
      "Update document dir attribute (rtl/ltr)",
      "Re-render all i18n content"
    ],
    "must_never_change": [
      "User's cart contents",
      "Selected branch",
      "Scroll position",
      "Modal open/close state"
    ],
    "crash_prevention": "Use optional chaining for all i18n access"
  },
  "branch_selection": {
    "trigger": "Click on branch card (Riffa or Qalali)",
    "visual_response": [
      "Selected branch card highlights with gold border",
      "Other branch card dims",
      "Success feedback message appears",
      "Menu section enables if previously disabled"
    ],
    "state_change": [
      "Save selected branch to localStorage",
      "Update branch-specific data (phone, address, map)",
      "Enable add-to-cart functionality",
      "Update WhatsApp phone number for orders"
    ],
    "must_never_change": [
      "Cart contents (even if switching branches)",
      "Language selection",
      "Page scroll position"
    ],
    "validation": "Must have branch selected before allowing cart additions"
  },
  "add_to_cart": {
    "trigger": "Click 'Add to Cart' button on menu item",
    "precondition": "Branch must be selected",
    "visual_response": [
      "Cart badge count increments with animation",
      "Button shows success state briefly",
      "Toast notification appears (optional)",
      "Button returns to normal state"
    ],
    "state_change": [
      "Add item to cart array in localStorage",
      "Update cart badge count",
      "Calculate new cart total",
      "Persist cart to localStorage"
    ],
    "must_never_change": [
      "Menu scroll position",
      "Filter selection",
      "Language setting",
      "Selected branch"
    ],
    "blocked_if": "No branch selected (show warning instead)"
  },
  "cart_badge_behavior": {
    "display": "Always visible in header",
    "count_source": "Total quantity of all items in cart",
    "update_trigger": [
      "Item added to cart",
      "Item removed from cart",
      "Quantity changed",
      "Cart cleared"
    ],
    "visual_states": {
      "empty": "Badge shows 0 or hidden",
      "has_items": "Badge shows count with gold background",
      "animation": "Pulse effect on count change"
    }
  },
  "cart_modal_open": {
    "trigger": "Click cart icon in header",
    "visual_response": [
      "Full-screen modal overlay appears",
      "Background blurs (glassmorphism)",
      "Cart contents render with items list",
      "Body scroll locks",
      "Close button (X) appears"
    ],
    "state_change": "None (read-only display of cart state)",
    "must_never_change": [
      "Cart contents during display",
      "Language setting",
      "Selected branch"
    ]
  },
  "cart_item_quantity_change": {
    "trigger": "Click +/- buttons in cart modal",
    "visual_response": [
      "Quantity number updates",
      "Item subtotal updates",
      "Cart total updates",
      "Cart badge count updates"
    ],
    "state_change": [
      "Update item quantity in cart array",
      "Recalculate totals",
      "Persist to localStorage",
      "Update cart badge"
    ],
    "validation": "Minimum quantity = 1 (remove item instead of 0)"
  },
  "cart_item_removal": {
    "trigger": "Click remove/delete button on cart item",
    "visual_response": [
      "Item fades out with animation",
      "Item removed from list",
      "Cart total updates",
      "Cart badge updates",
      "Empty state shows if last item removed"
    ],
    "state_change": [
      "Remove item from cart array",
      "Recalculate total",
      "Persist to localStorage",
      "Update cart badge"
    ]
  },
  "whatsapp_checkout": {
    "trigger": "Click 'Send Order' button in cart",
    "precondition": "Cart must have items AND branch must be selected",
    "data_collection": [
      "Customer name (required)",
      "Customer phone (required)",
      "Delivery address or table number (optional)",
      "Special instructions (optional)"
    ],
    "message_format": {
      "structure": [
        "Order number (KB-YY-MMDD-XXXX format)",
        "Branch name in Arabic",
        "Customer information",
        "Itemized list with quantities and prices",
        "Total in BHD with proper formatting"
      ],
      "language": "Arabic (even if UI is English)",
      "currency": "Bahraini Dinars (BHD) with 3 decimal places"
    },
    "visual_response": [
      "Validation check on form fields",
      "WhatsApp opens with pre-filled message",
      "Success confirmation",
      "Cart clears after message sent"
    ],
    "state_change": [
      "Generate unique order number",
      "Format complete order message",
      "Open WhatsApp with message",
      "Clear cart from localStorage",
      "Reset cart badge to 0"
    ],
    "must_never_change": [
      "Selected branch",
      "Language preference",
      "Page state"
    ],
    "crash_prevention": "Validate all data before formatting message"
  },
  "menu_filtering": {
    "trigger": "Click category filter button",
    "visual_response": [
      "Active filter button highlights",
      "Other buttons return to default state",
      "Menu items filter instantly",
      "Scroll resets to top of menu"
    ],
    "state_change": "Update active filter state (no persistence)",
    "filters": [
      "All Items (default)",
      "Appetizers",
      "Main Courses",
      "Grills",
      "Rice Dishes",
      "Desserts",
      "Beverages"
    ],
    "must_never_change": [
      "Cart contents",
      "Selected branch",
      "Language setting"
    ]
  },
  "click_to_call": {
    "trigger": "Click phone number or call button",
    "action": "Open native phone dialer with number",
    "protocol": "tel:[phone_number]",
    "branch_specific": true,
    "visual_response": "Brief highlight on button press"
  },
  "navigation_clicks": {
    "trigger": "Click navigation link",
    "action": "Smooth scroll to target section",
    "visual_response": [
      "Active nav item highlights with gold underline",
      "Previous active item returns to default",
      "Smooth scroll animation (duration ~800ms)"
    ],
    "mobile_specific": "Close hamburger menu after selection",
    "must_never_change": [
      "Cart contents",
      "Language setting",
      "Selected branch"
    ]
  },
  "hamburger_menu": {
    "trigger": "Click hamburger icon (mobile only)",
    "visual_response": [
      "Icon animates to X",
      "Full-screen menu overlay appears",
      "Background blurs",
      "Body scroll locks",
      "Menu items fade in"
    ],
    "close_triggers": [
      "Click X icon",
      "Click outside menu",
      "Select menu item",
      "Swipe gesture (optional)"
    ],
    "state_change": "Toggle menu open/closed state (no persistence)"
  },
  "geolocation_detection": {
    "trigger": "Page load OR click 'Detect Location' button",
    "action": "Request user location permission",
    "success_response": [
      "Calculate distance to each branch",
      "Auto-select nearest branch",
      "Show success message",
      "Scroll to branches section"
    ],
    "failure_response": [
      "Show manual selection prompt",
      "Display both branches equally",
      "No auto-selection"
    ],
    "permission_denied": "Fallback to manual selection, no error spam"
  },
  "error_states": {
    "no_branch_selected": {
      "trigger": "Attempt to add item without branch",
      "response": "Show warning toast: 'Please select branch first'",
      "action": "Prevent item from being added"
    },
    "empty_cart_checkout": {
      "trigger": "Click checkout with empty cart",
      "response": "Show warning: 'Cart is empty'",
      "action": "Prevent checkout flow"
    },
    "network_failure": {
      "trigger": "Menu data fails to load",
      "response": "Show cached version if available, else error message",
      "action": "Allow retry"
    }
  }
}
