{
  "colors": {
    "primary": {
      "gold": "#D4AF37",
      "gold_hover": "#C19B2A",
      "gold_muted": "#B8993D"
    },
    "neutral": {
      "black": "#000000",
      "near_black": "#0A0A0A",
      "dark_gray": "#1A1A1A",
      "medium_gray": "#333333",
      "light_gray": "#666666"
    },
    "background": {
      "primary": "#000000",
      "card": "rgba(26, 26, 26, 0.8)",
      "overlay": "rgba(0, 0, 0, 0.9)",
      "glass": "rgba(255, 255, 255, 0.05)"
    },
    "text": {
      "primary": "#FFFFFF",
      "secondary": "#CCCCCC",
      "muted": "#999999",
      "gold_accent": "#D4AF37"
    },
    "functional": {
      "success": "#28A745",
      "error": "#DC3545",
      "warning": "#FFC107",
      "info": "#17A2B8"
    },
    "borders": {
      "subtle": "rgba(212, 175, 55, 0.2)",
      "standard": "rgba(212, 175, 55, 0.3)",
      "emphasis": "rgba(212, 175, 55, 0.5)"
    }
  },
  "typography": {
    "arabic": {
      "primary": "Cairo",
      "fallback": "Tajawal, Arial, sans-serif"
    },
    "english": {
      "primary": "Montserrat",
      "fallback": "Helvetica Neue, Arial, sans-serif"
    },
    "weights": {
      "light": 300,
      "regular": 400,
      "medium": 500,
      "semibold": 600,
      "bold": 700
    }
  },
  "visual_character": [
    "premium",
    "restrained",
    "sophisticated",
    "minimal",
    "luxurious",
    "modern",
    "elegant",
    "confident",
    "warm",
    "professional"
  ],
  "design_principles": [
    "No gradients anywhere",
    "Glass effects only with subtle blur",
    "Gold used as accent, never dominant",
    "Black backgrounds create depth",
    "Whitespace creates luxury",
    "Subtle animations enhance premium feel",
    "Typography hierarchy over decoration",
    "Clarity over creativity"
  ]
}
