{
  "never_duplicate": {
    "navigation_component": {
      "rule": "SINGLE navigation component only",
      "rationale": "Multiple navigations cause state sync issues",
      "enforcement": "One <nav> element, reused for mobile/desktop",
      "violation_consequence": "Language switching crashes, cart badge desyncs"
    },
    "cart_badge": {
      "rule": "One cart badge element",
      "rationale": "Multiple badges create conflicting counts",
      "enforcement": "Single element with conditional styling",
      "violation_consequence": "Badge count shows different values"
    },
    "language_toggle": {
      "rule": "One language switcher",
      "rationale": "Multiple switchers cause state conflicts",
      "enforcement": "Single button in navigation",
      "violation_consequence": "Language setting inconsistency"
    },
    "cart_modal": {
      "rule": "One cart modal component",
      "rationale": "Multiple modals cause overlay conflicts",
      "enforcement": "Single modal with visibility toggle",
      "violation_consequence": "Multiple overlays, scroll issues"
    }
  },
  "never_remove": {
    "iife_wrapper": {
      "element": "JavaScript IIFE wrapper",
      "location": "All JavaScript files",
      "purpose": "Scope isolation and namespace protection",
      "removal_consequence": "Global namespace pollution, variable conflicts"
    },
    "optional_chaining": {
      "element": "?. operators in language access",
      "location": "All i18n content rendering",
      "purpose": "Crash prevention during language switching",
      "removal_consequence": "TypeError crashes when switching languages"
    },
    "branch_validation": {
      "element": "Branch selection check before cart add",
      "location": "Add to cart function",
      "purpose": "Prevent invalid cart states",
      "removal_consequence": "Items added without branch context"
    },
    "cart_clear_after_order": {
      "element": "Cart clearing after WhatsApp message",
      "location": "Checkout completion handler",
      "purpose": "Reset cart for next order",
      "removal_consequence": "Duplicate orders, confused customers"
    },
    "localStorage_persistence": {
      "element": "localStorage save/load operations",
      "location": "Cart, branch, language handlers",
      "purpose": "State persistence across sessions",
      "removal_consequence": "Loss of cart, preferences on page reload"
    }
  },
  "never_alter": {
    "menu_json_structure": {
      "element": "menu.json file structure",
      "rationale": "Single source of truth for menu data",
      "protected_fields": [
        "category.id",
        "item.id",
        "item.price",
        "branch.id",
        "branch.phone",
        "branch.whatsapp"
      ],
      "alteration_consequence": "Cart breaks, orders fail, pricing errors"
    },
    "order_number_format": {
      "element": "KB-YY-MMDD-XXXX pattern",
      "rationale": "Business tracking and order identification",
      "alteration_consequence": "Order tracking system breaks"
    },
    "whatsapp_message_language": {
      "element": "WhatsApp messages must be in Arabic",
      "rationale": "Restaurant staff expectation",
      "alteration_consequence": "Staff confusion, order processing delays"
    },
    "currency_format": {
      "element": "BHD with 3 decimal places",
      "rationale": "Bahraini Dinar standard",
      "alteration_consequence": "Pricing confusion, legal issues"
    },
    "branch_ids": {
      "element": "riffa and qalali identifiers",
      "rationale": "Used across localStorage, cart, and logic",
      "alteration_consequence": "Complete system failure"
    }
  },
  "fragile_areas": {
    "language_switching": {
      "fragility": "HIGH",
      "reason": "Multiple DOM updates, RTL/LTR changes, font changes",
      "critical_safeguards": [
        "Optional chaining on all i18n access",
        "Preserve cart state during switch",
        "Update document.lang and document.dir",
        "Re-render all data-i18n elements"
      ],
      "testing_priority": "CRITICAL - test every switch scenario"
    },
    "cart_operations": {
      "fragility": "MEDIUM-HIGH",
      "reason": "localStorage sync, badge updates, total calculations",
      "critical_safeguards": [
        "Validate branch before additions",
        "Persist after every change",
        "Update badge immediately",
        "Recalculate totals on quantity change"
      ],
      "testing_priority": "HIGH - test add/remove/quantity changes"
    },
    "whatsapp_checkout": {
      "fragility": "MEDIUM",
      "reason": "Complex message formatting, multiple data sources",
      "critical_safeguards": [
        "Validate all customer input",
        "Format prices correctly (3 decimals)",
        "Generate valid order number",
        "Use Arabic regardless of UI language",
        "Clear cart only after successful send"
      ],
      "testing_priority": "HIGH - test with different data"
    },
    "modal_overlays": {
      "fragility": "MEDIUM",
      "reason": "Scroll locking, z-index management, backdrop",
      "critical_safeguards": [
        "Lock body scroll when open",
        "Unlock on close",
        "Proper z-index hierarchy",
        "Blur background correctly"
      ],
      "testing_priority": "MEDIUM - test open/close/multiple"
    },
    "responsive_breakpoints": {
      "fragility": "LOW-MEDIUM",
      "reason": "CSS media queries, layout shifts",
      "critical_safeguards": [
        "Test on actual devices",
        "Check hamburger menu on mobile",
        "Verify grid layouts",
        "Check touch targets"
      ],
      "testing_priority": "MEDIUM - test on multiple devices"
    }
  },
  "testing_scenarios": {
    "critical": [
      "Switch language multiple times with items in cart",
      "Add items, switch branch, verify cart state",
      "Complete checkout flow from empty to WhatsApp",
      "Reload page with full cart and verify persistence",
      "Add item without selecting branch (should block)",
      "Clear cart after order submission"
    ],
    "important": [
      "Mobile navigation (hamburger) open/close",
      "Cart modal open with items, modify quantities",
      "Filter menu by category, add items",
      "Click phone numbers (verify tel: protocol)",
      "Test RTL layout in Arabic",
      "Geolocation detection and fallback"
    ],
    "regression_prevention": [
      "After any JS change: test language switching",
      "After any cart change: test badge updates",
      "After any menu change: test filtering",
      "After any modal change: test scroll locking",
      "After any styling change: test mobile view"
    ]
  },
  "production_requirements": {
    "code_quality": {
      "no_console_logs": "Remove all console.log before deployment",
      "no_debuggers": "Remove all debugger statements",
      "no_comments": "Remove commented code (keep docs)",
      "minification": "Minify all JS and CSS",
      "validation": "HTML/CSS validators pass"
    },
    "data_integrity": {
      "menu_json": "Validate structure before deployment",
      "i18n_json": "Verify all keys present in both languages",
      "images": "Compress and optimize all images",
      "fonts": "Subset fonts for performance"
    },
    "security": {
      "xss_prevention": "Sanitize all user inputs",
      "localStorage_validation": "Validate data from localStorage",
      "https_only": "Enforce HTTPS in production",
      "no_sensitive_data": "Never store passwords/credit cards"
    },
    "performance": {
      "lighthouse_score": "Target: 90+ on mobile",
      "bundle_size": "Keep total under 500KB",
      "image_optimization": "WebP with fallbacks",
      "lazy_loading": "Images below fold"
    }
  },
  "known_limitations": {
    "whatsapp_web": {
      "issue": "WhatsApp Web may not open on desktop",
      "workaround": "Provide both whatsapp:// and wa.me links",
      "user_impact": "Desktop users may need to scan QR code"
    },
    "ios_safari": {
      "issue": "100vh includes address bar on scroll",
      "workaround": "Use -webkit-fill-available or JS solution",
      "user_impact": "Content may be partially hidden"
    },
    "geolocation": {
      "issue": "Requires HTTPS and user permission",
      "workaround": "Manual branch selection always available",
      "user_impact": "Users may deny permission"
    },
    "pwa_install": {
      "issue": "Install prompt controlled by browser",
      "workaround": "Cannot force prompt display",
      "user_impact": "Users must trigger install manually"
    }
  },
  "deployment_checklist": {
    "pre_deployment": [
      "Test on iOS Safari and Android Chrome",
      "Verify all links work (tel:, whatsapp:, maps)",
      "Check both languages for completeness",
      "Validate menu.json structure",
      "Test complete ordering flow",
      "Verify cart persistence",
      "Check mobile navigation",
      "Test all breakpoints",
      "Run Lighthouse audit",
      "Validate HTML/CSS"
    ],
    "post_deployment": [
      "Test live site on mobile devices",
      "Verify WhatsApp messages send correctly",
      "Check PWA installability",
      "Monitor for JavaScript errors",
      "Verify geolocation works",
      "Test with real customers (friends/family)",
      "Check analytics setup (if any)",
      "Verify social media links"
    ]
  }
}
