{
  "menu_data_structure": {
    "source_file": "menu.json",
    "principle": "Single source of truth for all menu data",
    "root_structure": {
      "categories": "Array of category objects",
      "branches": "Object with branch-specific data",
      "currency": "String (BHD)"
    },
    "category_object": {
      "required_fields": [
        "id (unique string identifier)",
        "name_ar (Arabic category name)",
        "name_en (English category name)",
        "items (array of menu item objects)"
      ],
      "example_ids": ["appetizers", "mains", "grills", "rice", "desserts", "beverages"]
    },
    "menu_item_object": {
      "required_fields": [
        "id (unique string identifier)",
        "name_ar (Arabic item name)",
        "name_en (English item name)",
        "description_ar (Arabic description)",
        "description_en (English description)",
        "price (number with 3 decimal precision)",
        "category (string matching parent category id)",
        "image (relative path to image file)"
      ],
      "optional_fields": [
        "spicy (boolean)",
        "vegetarian (boolean)",
        "popular (boolean)",
        "new (boolean)"
      ]
    },
    "branch_object": {
      "required_fields": [
        "id (riffa or qalali)",
        "name_ar (Arabic branch name)",
        "name_en (English branch name)",
        "address_ar (Arabic full address)",
        "address_en (English full address)",
        "phone (string with country code)",
        "whatsapp (string with country code)",
        "coordinates (object with lat and lng)",
        "map_embed_url (Google Maps iframe src)",
        "hours_ar (Arabic opening hours)",
        "hours_en (English opening hours)"
      ]
    },
    "price_format": {
      "unit": "Bahraini Dinars (BHD)",
      "decimals": 3,
      "display": "X.XXX BHD",
      "storage": "Numeric (e.g., 2.500)"
    }
  },
  "cart_data_structure": {
    "storage_location": "localStorage",
    "storage_key": "kahramana_cart",
    "format": "JSON stringified array",
    "cart_item_object": {
      "required_fields": [
        "id (menu item id)",
        "name_ar (item name in Arabic)",
        "name_en (item name in English)",
        "price (number)",
        "quantity (integer, minimum 1)",
        "category (string)",
        "branch (string: riffa or qalali)"
      ]
    },
    "operations": [
      "Add item (create new or increment quantity)",
      "Remove item (delete from array)",
      "Update quantity (modify existing item)",
      "Clear all (empty array)",
      "Calculate total (sum of price * quantity)"
    ],
    "validation_rules": [
      "Quantity must be >= 1",
      "Price must be numeric and positive",
      "Branch must match selected branch"
    ]
  },
  "language_data_structure": {
    "source_file": "i18n.json",
    "structure": "Object with language codes as keys",
    "language_codes": ["ar", "en"],
    "content_categories": [
      "navigation labels",
      "section headings",
      "button text",
      "form labels",
      "error messages",
      "success messages",
      "menu category names",
      "UI element text"
    ],
    "key_format": "snake_case or kebab-case",
    "rtl_support": "Text direction handled by CSS, not in JSON",
    "access_method": "i18n[currentLang][key]",
    "crash_prevention": "Always use optional chaining: i18n?.[lang]?.[key]"
  },
  "branch_selection_storage": {
    "storage_location": "localStorage",
    "storage_key": "kahramana_selected_branch",
    "format": "String (riffa or qalali)",
    "values": ["riffa", "qalali"],
    "persistence": "Across sessions until explicitly changed"
  },
  "language_preference_storage": {
    "storage_location": "localStorage",
    "storage_key": "kahramana_language",
    "format": "String (ar or en)",
    "values": ["ar", "en"],
    "default": "ar",
    "persistence": "Across sessions until explicitly changed"
  },
  "order_number_format": {
    "pattern": "KB-YY-MMDD-XXXX",
    "components": {
      "prefix": "KB (Kahramana Baghdad)",
      "year": "Last 2 digits of year",
      "month": "2-digit month (01-12)",
      "day": "2-digit day (01-31)",
      "sequence": "4-digit sequence number (0001-9999)"
    },
    "generation": "Timestamp-based with daily reset",
    "example": "KB-25-1230-0001"
  },
  "whatsapp_message_structure": {
    "language": "Arabic (regardless of UI language)",
    "sections": [
      {
        "order": 1,
        "content": "Greeting and order number",
        "format": "طلب جديد - رقم الطلب: KB-YY-MMDD-XXXX"
      },
      {
        "order": 2,
        "content": "Branch information",
        "format": "الفرع: [branch_name_ar]"
      },
      {
        "order": 3,
        "content": "Customer information",
        "fields": ["Name", "Phone", "Address (optional)", "Notes (optional)"]
      },
      {
        "order": 4,
        "content": "Order items",
        "format": "- [quantity]x [item_name_ar] - [price] BHD"
      },
      {
        "order": 5,
        "content": "Total",
        "format": "المجموع الكلي: [total] BHD"
      }
    ],
    "formatting": {
      "line_breaks": "Single \\n between items, double \\n between sections",
      "bullet_points": "Dash (-) for items",
      "emphasis": "Line breaks and spacing (no bold/italic in WhatsApp)",
      "rtl": "Natural for Arabic text in WhatsApp"
    }
  },
  "relationships": {
    "menu_to_cart": "Cart items reference menu items by id",
    "branch_to_menu": "No filtering (all items available at all branches)",
    "branch_to_cart": "Cart items tagged with branch but not filtered",
    "language_to_display": "All content bilingual, language controls display only"
  },
  "data_flow": {
    "page_load": [
      "Fetch menu.json",
      "Load language preference from localStorage",
      "Load selected branch from localStorage",
      "Load cart from localStorage",
      "Render UI with loaded state"
    ],
    "add_to_cart": [
      "Validate branch selected",
      "Create/update cart item",
      "Save to localStorage",
      "Update UI (badge, notifications)"
    ],
    "language_switch": [
      "Update localStorage preference",
      "Re-render all i18n content",
      "Update document attributes (lang, dir)",
      "Maintain all other state"
    ],
    "checkout": [
      "Validate cart not empty",
      "Collect customer info",
      "Generate order number",
      "Format WhatsApp message",
      "Open WhatsApp",
      "Clear cart",
      "Update UI"
    ]
  }
}
