{
  "project_name": "kahramana-baghdad",
  "expected_output": "Complete website ready for deployment",
  "file_structure": {
    "root": [
      "index.html (main page)",
      "manifest.json (PWA manifest)",
      "sw.js (service worker)",
      "robots.txt",
      ".gitignore"
    ],
    "css_directory": {
      "path": "/css",
      "files": [
        "style.css (main stylesheet)",
        "responsive.css (optional, can be in main)"
      ]
    },
    "js_directory": {
      "path": "/js",
      "files": [
        "script.js (main logic)",
        "i18n.js (language data, can be JSON)",
        "menu.js (menu data handler, can be JSON)"
      ]
    },
    "data_directory": {
      "path": "/data",
      "files": [
        "menu.json (menu items and branches)",
        "i18n.json (translation strings)"
      ]
    },
    "images_directory": {
      "path": "/images",
      "subdirectories": {
        "menu": "Menu item images",
        "icons": "UI icons and logo",
        "backgrounds": "Background images (if any)"
      },
      "formats": "WebP primary, JPEG/PNG fallback",
      "naming": "kebab-case.webp"
    },
    "icons_directory": {
      "path": "/icons",
      "files": "PWA icon set (192x192, 512x512)",
      "format": "PNG"
    }
  },
  "alternative_structure": {
    "note": "Flat structure acceptable if files < 20",
    "root": [
      "index.html",
      "style.css",
      "script.js",
      "menu.json",
      "i18n.json",
      "manifest.json",
      "sw.js",
      "/images/",
      "/icons/"
    ]
  },
  "html_requirements": {
    "doctype": "<!DOCTYPE html>",
    "lang_attribute": "Dynamic based on selection",
    "dir_attribute": "rtl (Arabic) or ltr (English)",
    "viewport": "<meta name=\"viewport\" content=\"width=device-width, initial-scale=1.0\">",
    "charset": "UTF-8",
    "semantic_html": "Use <nav>, <main>, <section>, <article>, <footer>",
    "accessibility": "Proper heading hierarchy (h1-h6), alt text on images",
    "structured_data": "JSON-LD schema for Restaurant, Menu, LocalBusiness",
    "no_inline_styles": "All CSS in external files",
    "data_attributes": "data-i18n for translatable content"
  },
  "css_requirements": {
    "methodology": "BEM or utility-first (consistent choice)",
    "organization": [
      "CSS Reset/Normalize",
      "CSS Variables (colors, spacing, fonts)",
      "Base styles",
      "Layout (grid, flexbox)",
      "Components",
      "Utilities",
      "Media queries at end or per-component"
    ],
    "responsive": "Mobile-first media queries",
    "browser_prefixes": "Include -webkit- for Safari",
    "rtl_support": "Logical properties (margin-inline-start) OR RTL-specific rules",
    "glassmorphism": "backdrop-filter with fallbacks",
    "animations": "Prefers-reduced-motion respected",
    "fonts": "Google Fonts CDN OR self-hosted"
  },
  "javascript_requirements": {
    "structure": "IIFE wrapper for scope isolation",
    "modules": "Logical separation (cart, menu, language, UI)",
    "es6": "Use modern syntax (const, let, arrow functions, template literals)",
    "dom_manipulation": "Vanilla JS (no jQuery)",
    "event_delegation": "Where appropriate for performance",
    "async_operations": "async/await for data fetching",
    "error_handling": "try-catch blocks on critical operations",
    "localstorage": "JSON.parse/stringify with validation",
    "comments": "Functional documentation, not line-by-line",
    "no_console": "Remove for production"
  },
  "json_requirements": {
    "menu_json": {
      "format": "Pretty-printed for readability",
      "validation": "Valid JSON syntax",
      "structure": "As specified in data-models.json",
      "encoding": "UTF-8 for Arabic characters"
    },
    "i18n_json": {
      "format": "Pretty-printed",
      "completeness": "All keys in both languages",
      "consistency": "Key naming convention maintained",
      "encoding": "UTF-8"
    },
    "manifest_json": {
      "required_fields": [
        "name",
        "short_name",
        "description",
        "start_url",
        "display: standalone",
        "background_color",
        "theme_color",
        "icons (192x192, 512x512)"
      ]
    }
  },
  "service_worker_requirements": {
    "version": "Update version on cache changes",
    "cache_strategy": "Cache static assets, network-first for data",
    "offline_fallback": "Show offline page if network unavailable",
    "update_handling": "Prompt user to refresh on new version",
    "precache": [
      "index.html",
      "style.css",
      "script.js",
      "menu.json",
      "i18n.json",
      "logo/icons"
    ]
  },
  "image_requirements": {
    "menu_items": {
      "format": "WebP with JPEG fallback",
      "size": "600x400px (landscape) or 400x400px (square)",
      "compression": "Aggressive (< 100KB per image)",
      "naming": "item-id.webp"
    },
    "icons": {
      "pwa": "192x192px and 512x512px PNG",
      "favicon": "32x32px and 16x16px ICO/PNG",
      "logo": "SVG preferred for scalability"
    },
    "optimization": "All images compressed and optimized"
  },
  "deployment_ready": {
    "checklist": [
      "All files present and correctly named",
      "No broken internal links",
      "No console.log statements",
      "No debugger statements",
      "CSS/JS minified (optional for first deployment)",
      "Images optimized",
      "HTML validates",
      "CSS validates",
      "JavaScript has no syntax errors",
      "Both languages work correctly",
      "All features tested on mobile",
      "PWA manifest valid",
      "Service worker registered"
    ]
  },
  "zip_packaging": {
    "root_directory": "kahramana-baghdad",
    "preserve_structure": true,
    "no_node_modules": true,
    "no_git_folder": true,
    "include_readme": false,
    "compression": "Standard ZIP compression"
  },
  "framework_assumptions": {
    "none": [
      "No React",
      "No Vue",
      "No Angular",
      "No Svelte",
      "No build tools required",
      "No npm install needed",
      "Works immediately when files opened"
    ]
  },
  "testing_requirements": {
    "browsers": [
      "iOS Safari (iPhone)",
      "Android Chrome",
      "Desktop Chrome",
      "Desktop Safari (if Mac available)"
    ],
    "viewport_sizes": [
      "375x667 (iPhone SE)",
      "390x844 (iPhone 14)",
      "412x915 (Android)",
      "1920x1080 (Desktop)"
    ],
    "scenarios": "As listed in constraints.json testing_scenarios"
  },
  "documentation_expectations": {
    "inline_code": "Clear comments on complex logic",
    "readme": "Not required (code should be self-explanatory)",
    "setup_instructions": "Not required (no build process)",
    "api_docs": "Not applicable (no API endpoints)"
  },
  "success_criteria": {
    "functional": [
      "All features work as specified",
      "No JavaScript errors in console",
      "Cart persists across page reloads",
      "Language switching works flawlessly",
      "WhatsApp ordering sends correctly formatted message",
      "PWA installable on mobile devices"
    ],
    "visual": [
      "Matches brand identity (black and gold)",
      "Glassmorphism effects render correctly",
      "Responsive on all screen sizes",
      "Typography readable and elegant",
      "Images load and display properly",
      "Animations smooth (60fps target)"
    ],
    "performance": [
      "Lighthouse score 90+ (mobile)",
      "First Contentful Paint < 1.5s",
      "Time to Interactive < 3s",
      "Total bundle size < 500KB"
    ],
    "accessibility": [
      "Color contrast meets WCAG AA",
      "Touch targets minimum 44x44px",
      "Keyboard navigation possible",
      "Screen reader friendly (basic)"
    ]
  }
}
