{
  "page_type": "Single Page Application (SPA)",
  "sections": [
    {
      "id": "hero",
      "anchor": "#home",
      "position": 1,
      "purpose": "Welcome, branding, primary CTA",
      "mobile_height": "100vh",
      "desktop_height": "100vh"
    },
    {
      "id": "about",
      "anchor": "#about",
      "position": 2,
      "purpose": "Restaurant story and authenticity",
      "content_type": "text and image"
    },
    {
      "id": "menu",
      "anchor": "#menu",
      "position": 3,
      "purpose": "Full menu with filtering and cart",
      "interactive": true,
      "critical": true
    },
    {
      "id": "branches",
      "anchor": "#branches",
      "position": 4,
      "purpose": "Location information and maps",
      "content_type": "cards with embedded maps"
    },
    {
      "id": "contact",
      "anchor": "#contact",
      "position": 5,
      "purpose": "Contact methods and social media",
      "content_type": "links and call-to-action buttons"
    }
  ],
  "navigation": {
    "type": "Fixed header with smooth scroll",
    "desktop": {
      "style": "Horizontal menu bar",
      "position": "Top fixed",
      "items": [
        {"label_key": "nav_home", "href": "#home"},
        {"label_key": "nav_about", "href": "#about"},
        {"label_key": "nav_menu", "href": "#menu"},
        {"label_key": "nav_branches", "href": "#branches"},
        {"label_key": "nav_contact", "href": "#contact"}
      ],
      "additional_controls": ["language_switcher", "cart_icon_with_badge"]
    },
    "mobile": {
      "style": "Hamburger menu overlay",
      "trigger": "Hamburger icon (top right)",
      "overlay_behavior": "Full screen, blur background",
      "items": "Same as desktop",
      "additional_controls": ["language_switcher", "cart_icon_with_badge"]
    },
    "scroll_behavior": {
      "smooth": true,
      "offset": "Header height",
      "active_state": "Highlight current section in nav"
    }
  },
  "navigation_duplication_rule": "SINGLE navigation component only, never duplicate nav elements",
  "routing": {
    "type": "Hash-based (#section)",
    "fallback": "Scroll to top if anchor not found",
    "deep_linking": "Supported via URL hash"
  },
  "cart_modal": {
    "trigger": "Cart icon click",
    "display": "Full-screen overlay modal",
    "dismissal": "Close button or outside click",
    "content": "Cart items, quantities, total, checkout button"
  },
  "ordering_flow": {
    "steps": [
      {
        "step": 1,
        "name": "Branch Selection",
        "requirement": "Must select branch before adding items",
        "validation": "Block cart additions if no branch selected",
        "storage": "localStorage branch selection"
      },
      {
        "step": 2,
        "name": "Menu Browsing",
        "features": ["Category filtering", "Search", "Add to cart"],
        "requirement": "Menu items filterable by category"
      },
      {
        "step": 3,
        "name": "Cart Management",
        "features": ["Quantity adjustment", "Item removal", "Total calculation"],
        "requirement": "Cart persists across page reloads"
      },
      {
        "step": 4,
        "name": "WhatsApp Checkout",
        "requirement": "Format order as structured message",
        "action": "Open WhatsApp with pre-filled message",
        "post_action": "Clear cart after successful submission"
      }
    ]
  },
  "footer": {
    "content": ["Copyright notice", "Social media links", "Contact information"],
    "position": "Bottom of page",
    "style": "Simple, minimal, gold accents"
  }
}
