{
  "mobile_first_principles": {
    "priority": "Design and test mobile first, scale up to desktop",
    "thumb_zone": "Primary actions within 75% bottom screen",
    "tap_targets": "Minimum 44x44px (48x48px preferred)",
    "spacing": "Minimum 8px between interactive elements",
    "scroll": "Vertical only, no horizontal scroll required"
  },
  "app_like_behavior": {
    "navigation": {
      "pattern": "Bottom-heavy UI, top-fixed navigation",
      "transitions": "Instant section changes via smooth scroll",
      "back_button": "Browser back button returns to previous section"
    },
    "interactions": {
      "feedback": "Every tap gets immediate visual response",
      "loading": "Show loading states for async operations",
      "gestures": "Swipe-friendly where appropriate (optional)",
      "haptics": "Not implemented (browser limitation)"
    },
    "modals": {
      "style": "Full-screen overlays on mobile",
      "animation": "Slide up from bottom OR fade in",
      "dismiss": "X button top-right, swipe down (optional), outside tap",
      "backdrop": "Blur background (glassmorphism)"
    }
  },
  "touch_feedback": {
    "buttons": {
      "hover_state": "None on touch devices",
      "active_state": "Scale down (0.95) + brightness increase",
      "duration": "150ms",
      "timing": "ease-out"
    },
    "cards": {
      "hover_state": "None on touch devices",
      "active_state": "Subtle shadow increase + scale (1.02)",
      "duration": "200ms"
    },
    "links": {
      "active_state": "Opacity 0.7",
      "duration": "100ms"
    },
    "icon_buttons": {
      "active_state": "Background color change + scale",
      "duration": "150ms",
      "bounce": "Optional spring animation"
    }
  },
  "glassmorphism_rules": {
    "usage": [
      "Navigation header",
      "Cart modal background",
      "Menu cards",
      "Overlay panels",
      "Floating buttons"
    ],
    "blur_strength": {
      "subtle": "backdrop-filter: blur(8px)",
      "medium": "backdrop-filter: blur(12px)",
      "strong": "backdrop-filter: blur(20px)"
    },
    "background_opacity": {
      "cards": "rgba(26, 26, 26, 0.8)",
      "overlays": "rgba(0, 0, 0, 0.9)",
      "glass_effect": "rgba(255, 255, 255, 0.05)"
    },
    "border": "1px solid rgba(212, 175, 55, 0.2)",
    "shadow": "0 8px 32px rgba(0, 0, 0, 0.3)",
    "restrictions": [
      "Never pure transparent (must have background color)",
      "Always pair with backdrop-filter",
      "Test performance on low-end devices"
    ]
  },
  "animation_principles": {
    "philosophy": "Smooth and purposeful, never distracting",
    "duration_guidelines": {
      "micro": "100-200ms (hover, active states)",
      "small": "200-300ms (buttons, toggles)",
      "medium": "300-500ms (modals, transitions)",
      "large": "500-800ms (page sections, scroll)"
    },
    "easing": {
      "default": "ease-out",
      "bounce": "cubic-bezier(0.68, -0.55, 0.265, 1.55)",
      "smooth": "cubic-bezier(0.4, 0, 0.2, 1)"
    },
    "performance": {
      "use_transform": "Prefer transform over position changes",
      "use_opacity": "Prefer opacity over visibility",
      "avoid_layout_shift": "Never animate width/height",
      "gpu_acceleration": "Use will-change sparingly"
    },
    "scroll_animations": {
      "smooth_scroll": "behavior: smooth",
      "parallax": "Not used (performance concern)",
      "scroll_snap": "Optional for section transitions"
    }
  },
  "responsive_breakpoints": {
    "mobile_small": "< 375px",
    "mobile": "375px - 767px",
    "tablet": "768px - 1024px",
    "desktop": "> 1024px",
    "strategy": "Content adapts fluidly, no hard breaks"
  },
  "typography_mobile": {
    "base_size": "16px (never smaller for body text)",
    "headings_scale": {
      "h1": "2rem (32px) mobile, 3rem (48px) desktop",
      "h2": "1.5rem (24px) mobile, 2rem (32px) desktop",
      "h3": "1.25rem (20px) mobile, 1.5rem (24px) desktop"
    },
    "line_height": {
      "body": "1.6",
      "headings": "1.2"
    },
    "max_width": "65ch for readability"
  },
  "layout_mobile": {
    "container_padding": "16px (mobile), 24px (tablet), 32px (desktop)",
    "section_spacing": "48px (mobile), 64px (tablet), 80px (desktop)",
    "card_gap": "16px (mobile), 24px (desktop)",
    "grid_columns": {
      "mobile": "1 column",
      "tablet": "2 columns",
      "desktop": "3-4 columns"
    }
  },
  "scroll_behavior": {
    "header": {
      "mobile": "Fixed at top, always visible",
      "scroll_trigger": "None (always visible)",
      "shadow": "Appears on scroll (not at top)"
    },
    "infinite_scroll": "Not implemented",
    "scroll_to_top": "Button appears after 2 screen heights",
    "overscroll": "Native browser behavior (no custom)"
  },
  "loading_states": {
    "initial_load": "Full-page skeleton OR spinner",
    "data_fetch": "Shimmer effect on content area",
    "button_actions": "Spinner inside button, disabled state",
    "image_loading": "Blur-up OR skeleton placeholder"
  },
  "error_handling_ux": {
    "toast_notifications": {
      "position": "Bottom center (mobile), top-right (desktop)",
      "duration": "3-5 seconds",
      "dismissible": true,
      "types": ["success", "error", "warning", "info"]
    },
    "inline_errors": {
      "form_validation": "Below input field, red text",
      "empty_states": "Centered with icon and message"
    },
    "network_errors": {
      "display": "Full-screen error state",
      "retry_button": "Prominent CTA",
      "offline_mode": "Show cached content if available"
    }
  },
  "cart_ux_specific": {
    "badge": {
      "position": "Top-right of cart icon",
      "animation": "Pulse on count change",
      "size": "20x20px minimum",
      "max_display": "Show 99+ if count > 99"
    },
    "modal": {
      "mobile": "Full screen (100vh)",
      "desktop": "Centered (max 600px width)",
      "scroll": "Body scroll locked when open",
      "empty_state": "Icon + message + CTA to menu"
    },
    "item_actions": {
      "quantity": "+/- buttons, large tap targets",
      "remove": "Swipe to delete OR button (mobile)",
      "update": "Instant feedback on all changes"
    }
  },
  "performance_optimization": {
    "images": {
      "lazy_loading": "Native lazy loading (loading=lazy)",
      "format": "WebP with JPEG fallback",
      "sizing": "Responsive srcset for multiple sizes",
      "compression": "Aggressive compression for mobile"
    },
    "css": {
      "critical": "Inline critical CSS for above-fold",
      "defer": "Non-critical CSS loaded async",
      "minification": "Required for production"
    },
    "javascript": {
      "defer": "All non-critical JS deferred",
      "minification": "Required for production",
      "code_splitting": "Not implemented (small bundle)"
    },
    "fonts": {
      "loading": "font-display: swap",
      "preload": "Preload primary fonts",
      "subsets": "Arabic + Latin subsets only"
    }
  },
  "accessibility_mobile": {
    "focus_indicators": "Visible on keyboard navigation",
    "color_contrast": "WCAG AA minimum (4.5:1)",
    "font_scaling": "Respects user font size preferences",
    "landmarks": "Semantic HTML5 elements",
    "screen_readers": "Proper ARIA labels where needed",
    "touch_targets": "44x44px minimum per WCAG"
  }
}
