{
  "frontend": {
    "html": "HTML5 with semantic elements",
    "css": "CSS3 with Flexbox and Grid",
    "javascript": "Vanilla ES6+ (no frameworks)",
    "architecture": "IIFE wrapper for scope isolation",
    "modules": "Separation of concerns (logic, styling, data)"
  },
  "pwa": {
    "enabled": true,
    "manifest": "manifest.json with restaurant branding",
    "service_worker": "sw.js for offline capability",
    "installable": true,
    "offline_pages": ["index.html", "menu browsing"],
    "cache_strategy": "Cache-first for static assets, network-first for menu data"
  },
  "data_storage": {
    "primary": "localStorage",
    "cart_persistence": true,
    "branch_selection_persistence": true,
    "language_preference_persistence": true,
    "session_storage": false,
    "cookies": false
  },
  "apis_integrations": {
    "whatsapp_business": {
      "protocol": "whatsapp://send",
      "fallback": "wa.me links",
      "purpose": "Order submission and customer service"
    },
    "geolocation": {
      "api": "navigator.geolocation",
      "purpose": "Automatic branch detection",
      "fallback": "Manual selection required"
    },
    "google_maps": {
      "embedded": true,
      "purpose": "Branch location display",
      "no_api_key_required": true
    }
  },
  "external_dependencies": {
    "fonts": [
      "Google Fonts: Cairo (Arabic)",
      "Google Fonts: Montserrat (English)"
    ],
    "libraries": "None",
    "frameworks": "None",
    "bundlers": "None"
  },
  "hosting": {
    "platform": "Cloudflare Pages",
    "deployment": "Git-based continuous deployment",
    "ssl": "Automatic HTTPS",
    "cdn": "Global edge network"
  },
  "performance_targets": {
    "first_contentful_paint": "< 1.5s",
    "time_to_interactive": "< 3s",
    "lighthouse_score": "> 90",
    "bundle_size": "< 500KB total"
  },
  "browser_support": {
    "mobile": [
      "iOS Safari 13+",
      "Android Chrome 80+",
      "Samsung Internet 12+"
    ],
    "desktop": [
      "Chrome 80+",
      "Firefox 75+",
      "Safari 13+",
      "Edge 80+"
    ]
  },
  "internationalization": {
    "method": "i18n.json language file",
    "switching": "Client-side instant switching",
    "rtl_support": true,
    "default_language": "arabic",
    "supported_languages": ["ar", "en"]
  }
}
